{
  "version": 1,
  "author": "Agus Eden",
  "editor": "wokwi",
  "parts": [
    { "type": "wokwi-breadboard-half", "id": "bb1", "top": -252.6, "left": -74, "attrs": {} },
    { "type": "wokwi-arduino-uno", "id": "uno", "top": 58.2, "left": -39, "attrs": {} },
    {
      "type": "wokwi-led",
      "id": "led1",
      "top": -176.4,
      "left": 32.6,
      "attrs": { "color": "yellow" }
    },
    {
      "type": "wokwi-led",
      "id": "led2",
      "top": -176.4,
      "left": 61.4,
      "attrs": { "color": "blue" }
    },
    {
      "type": "wokwi-led",
      "id": "led3",
      "top": -176.4,
      "left": 205.4,
      "attrs": { "color": "red" }
    },
    {
      "type": "wokwi-pushbutton",
      "id": "btn1",
      "top": -172.9,
      "left": 147.5,
      "rotate": 90,
      "attrs": { "color": "red" }
    },
    {
      "type": "wokwi-pushbutton",
      "id": "btn2",
      "top": -172.9,
      "left": 89.9,
      "rotate": 90,
      "attrs": { "color": "black" }
    },
    { "type": "wokwi-slide-switch", "id": "sw1", "top": -158.8, "left": -44.9, "attrs": {} },
    { "type": "wokwi-slide-switch", "id": "sw2", "top": -158.8, "left": 3.1, "attrs": {} }
  ],
  "connections": [
    [ "btn1:1.r", "uno:3", "yellow", [ "v0" ] ],
    [ "led3:A", "uno:2", "magenta", [ "v96", "h-28.8" ] ],
    [ "btn2:1.r", "uno:4", "cyan", [ "v77", "h48" ] ],
    [ "led2:A", "uno:6", "orange", [ "v105.6", "h67.2" ] ],
    [ "led1:A", "uno:7", "purple", [ "v115.2", "h96" ] ],
    [ "sw2:2", "uno:5", "violet", [ "v115.2", "h144.1" ] ],
    [ "sw1:2", "uno:8", "gold", [ "v124.8", "h172.9" ] ],
    [ "sw1:1", "bb1:bn.3", "black", [ "v38.4", "h19.2" ] ],
    [ "led1:C", "bb1:bn.9", "black", [ "v0" ] ],
    [ "led2:C", "bb1:bn.11", "black", [ "v0" ] ],
    [ "btn2:2.r", "bb1:bn.15", "black", [ "v0" ] ],
    [ "btn1:2.r", "bb1:bn.20", "black", [ "v0" ] ],
    [ "led3:C", "bb1:bn.24", "black", [ "v0" ] ],
    [ "sw1:3", "bb1:bp.4", "red", [ "v38.4", "h9.8" ] ],
    [ "sw2:3", "bb1:bp.7", "red", [ "v0" ] ],
    [ "uno:5V", "bb1:bp.1", "red", [ "v19.1", "h-197.8", "v-336" ] ],
    [ "uno:GND.1", "bb1:bn.1", "black", [ "v-19.2", "h-114.9" ] ],
    [ "sw2:1", "bb1:bn.8", "black", [ "v38.4", "h28.8" ] ],
    [ "led1:A", "bb1:12b.f", "", [ "$bb" ] ],
    [ "led1:C", "bb1:11b.f", "", [ "$bb" ] ],
    [ "led2:A", "bb1:15b.f", "", [ "$bb" ] ],
    [ "led2:C", "bb1:14b.f", "", [ "$bb" ] ],
    [ "led3:A", "bb1:30b.f", "", [ "$bb" ] ],
    [ "led3:C", "bb1:29b.f", "", [ "$bb" ] ],
    [ "btn1:1.l", "bb1:26t.c", "", [ "$bb" ] ],
    [ "btn1:2.l", "bb1:24t.c", "", [ "$bb" ] ],
    [ "btn1:1.r", "bb1:26b.h", "", [ "$bb" ] ],
    [ "btn1:2.r", "bb1:24b.h", "", [ "$bb" ] ],
    [ "btn2:1.l", "bb1:20t.c", "", [ "$bb" ] ],
    [ "btn2:2.l", "bb1:18t.c", "", [ "$bb" ] ],
    [ "btn2:1.r", "bb1:20b.h", "", [ "$bb" ] ],
    [ "btn2:2.r", "bb1:18b.h", "", [ "$bb" ] ],
    [ "sw1:1", "bb1:2b.g", "", [ "$bb" ] ],
    [ "sw1:2", "bb1:3b.g", "", [ "$bb" ] ],
    [ "sw1:3", "bb1:4b.g", "", [ "$bb" ] ],
    [ "sw2:1", "bb1:7b.g", "", [ "$bb" ] ],
    [ "sw2:2", "bb1:8b.g", "", [ "$bb" ] ],
    [ "sw2:3", "bb1:9b.g", "", [ "$bb" ] ]
  ],
  "dependencies": {}
}